TV,Radio,Newspaper,Region,Market_Type,Season,Customer_Segment,Campaign_Type,Discount_Percent,Ad_Frequency,Ad_Keyword,Feedback_Tag,Sales
164890,19886,59750,North,Urban,Festival,Premium,Discount,20,6,Discount,Positive,20165
189621,14578,39544,North,Rural,Normal,Mass,Discount,5,13,Combo,Happy,9919
231284,48374,59993,North,Urban,Festival,Mass,Branding,15,5,Luxury,Positive,16896
160866,46717,31688,North,Rural,Festival,Premium,Discount,20,14,Discount,Happy,17102
242269,23497,73066,West,Semi-Urban,Normal,Premium,Branding,10,6,Launch,Satisfied,11817
101457,47645,47354,West,Semi-Urban,Normal,Premium,Discount,0,11,Savings,Satisfied,12813
119841,42044,63272,North,Rural,Festival,Premium,Branding,25,8,Luxury,Negative,20262
288900,39897,17012,North,Semi-Urban,Normal,Mass,Discount,25,14,Affordable,Expensive,17755
258582,39205,45302,West,Rural,Normal,Mass,Branding,10,5,Luxury,Positive,12364
95454,24300,45674,South,Rural,Festival,Premium,Branding,30,10,Discount,Satisfied,20088
185288,46008,44416,South,Semi-Urban,Normal,Premium,Branding,25,9,Premium,Satisfied,13195
126194,19915,38403,South,Urban,Normal,Mass,Branding,10,3,Premium,Negative,12689
176797,49964,49761,South,Rural,Festival,Premium,Branding,15,9,Savings,Positive,17660
246275,36243,16158,South,Urban,Festival,Premium,Discount,0,8,Luxury,Positive,13856
80061,47144,27826,North,Semi-Urban,Festival,Mass,Discount,20,9,Premium,Expensive,17175
171066,49470,55731,West,Urban,Festival,Premium,Branding,15,10,Affordable,Positive,14896
106787,32454,42702,West,Rural,Festival,Mass,Discount,20,8,Premium,Expensive,19559
319637,11772,47071,North,Rural,Normal,Premium,Discount,10,15,Premium,Happy,16257
284224,42944,51209,South,Rural,Festival,Mass,Branding,25,15,Premium,Satisfied,18262
209179,33302,11798,North,Semi-Urban,Normal,Premium,Discount,25,12,Affordable,Negative,17378
175587,15278,36896,North,Urban,Normal,Mass,Branding,5,10,Luxury,Happy,7428
205691,32544,19112,North,Semi-Urban,Festival,Premium,Discount,15,15,Combo,Neutral,16425
289931,35941,68707,West,Rural,Festival,Mass,Discount,5,3,Premium,Happy,16234
291419,19579,70174,East,Urban,Festival,Mass,Discount,30,14,Combo,Positive,21234
276475,19125,64860,South,Urban,Festival,Premium,Discount,10,11,Premium,Happy,17490
147990,45674,62920,South,Urban,Normal,Premium,Branding,30,11,Premium,Happy,14657
217234,43459,10451,West,Urban,Festival,Mass,Discount,5,10,Luxury,Expensive,13402
225876,14047,50727,West,Urban,Festival,Mass,Discount,10,3,Launch,Positive,17475
198535,46813,11652,North,Semi-Urban,Normal,Mass,Branding,15,11,Luxury,Negative,13375
144921,44289,42025,South,Semi-Urban,Festival,Premium,Discount,15,10,Affordable,Positive,17684
192286,14792,35877,East,Urban,Festival,Premium,Discount,10,5,Savings,Satisfied,15584
184400,41933,29337,South,Urban,Normal,Premium,Branding,15,6,Affordable,Neutral,11470
269307,33983,10553,East,Rural,Normal,Premium,Discount,15,8,Luxury,Happy,15139
214286,14213,22791,South,Urban,Festival,Premium,Branding,0,15,Premium,Neutral,12075
294899,37672,41896,West,Urban,Normal,Premium,Discount,10,3,Launch,Expensive,13323
191494,14745,43248,North,Rural,Festival,Premium,Discount,20,6,Discount,Neutral,17610
198954,10756,52453,West,Semi-Urban,Festival,Mass,Discount,0,5,Affordable,Positive,12997
132892,30446,47977,South,Semi-Urban,Normal,Mass,Branding,10,15,Discount,Neutral,8614
84022,11208,74277,South,Rural,Normal,Mass,Branding,0,13,Launch,Expensive,10048
252100,42440,59522,East,Rural,Festival,Mass,Branding,5,14,Combo,Expensive,11564
186089,32777,15128,South,Urban,Festival,Premium,Branding,5,3,Discount,Expensive,15034
308206,43157,44953,South,Rural,Normal,Mass,Branding,5,5,Affordable,Negative,7452
149007,33864,51113,East,Urban,Festival,Premium,Discount,10,5,Discount,Neutral,17939
101991,41106,44559,South,Urban,Festival,Mass,Branding,30,4,Premium,Negative,19718
90922,35819,10948,East,Semi-Urban,Festival,Mass,Discount,25,14,Launch,Happy,19199
280359,31373,72774,South,Semi-Urban,Festival,Mass,Branding,25,14,Launch,Happy,15162
318521,44324,74108,North,Rural,Festival,Mass,Discount,0,5,Combo,Neutral,12384
178728,39582,14655,North,Rural,Festival,Premium,Branding,0,10,Launch,Positive,15134
315367,45074,20051,North,Rural,Normal,Premium,Discount,30,7,Premium,Expensive,17104
140486,40168,72742,West,Urban,Normal,Premium,Discount,20,13,Combo,Satisfied,14248
237209,19661,51486,East,Rural,Normal,Mass,Discount,15,3,Savings,Neutral,12032
261452,24266,72174,East,Rural,Normal,Premium,Branding,15,15,Discount,Happy,12352
161703,15626,69989,North,Semi-Urban,Normal,Mass,Branding,10,9,Premium,Satisfied,8924
232429,15918,26578,East,Semi-Urban,Festival,Premium,Discount,25,8,Premium,Negative,21498
183305,11627,28849,North,Semi-Urban,Normal,Premium,Branding,25,5,Savings,Neutral,15593
162857,17923,51427,North,Semi-Urban,Normal,Premium,Discount,5,14,Discount,Expensive,13286
146378,34393,16516,West,Semi-Urban,Festival,Premium,Branding,30,7,Launch,Positive,18710
106662,13382,45437,South,Urban,Normal,Premium,Branding,5,15,Affordable,Negative,9145
292851,51346,60434,South,Rural,Festival,Mass,Branding,15,12,Launch,Satisfied,14568
207290,13209,24686,South,Semi-Urban,Normal,Premium,Branding,10,7,Combo,Expensive,11945
186485,25641,47431,West,Rural,Normal,Mass,Discount,25,5,Discount,Satisfied,17114
317491,42576,36839,West,Semi-Urban,Normal,Premium,Discount,20,6,Premium,Positive,15054
169641,46429,19939,East,Urban,Normal,Premium,Discount,0,14,Launch,Negative,13150
188497,44351,35525,West,Semi-Urban,Normal,Mass,Branding,10,12,Affordable,Satisfied,12439
218733,51263,36306,North,Semi-Urban,Festival,Premium,Branding,25,10,Savings,Neutral,15696
113357,12113,63731,West,Rural,Normal,Mass,Discount,15,11,Launch,Negative,14886
145133,17146,37333,South,Urban,Festival,Premium,Discount,20,15,Discount,Positive,17640
140968,47315,12927,East,Urban,Normal,Premium,Discount,0,4,Affordable,Happy,14788
130253,35433,42194,South,Rural,Festival,Mass,Branding,15,7,Affordable,Expensive,14197
204598,44490,38771,South,Urban,Normal,Premium,Discount,0,6,Savings,Expensive,13457
101257,26859,37863,West,Semi-Urban,Festival,Premium,Discount,25,8,Combo,Negative,20477
258930,35975,33962,North,Semi-Urban,Festival,Mass,Branding,5,7,Launch,Satisfied,12309
201926,24512,42736,East,Urban,Normal,Mass,Discount,15,9,Combo,Positive,16087
118373,35785,15124,South,Urban,Festival,Premium,Discount,25,3,Premium,Negative,21193
315449,30591,22838,North,Urban,Normal,Mass,Discount,25,11,Combo,Negative,13283
161743,34813,57005,East,Semi-Urban,Festival,Mass,Discount,0,7,Discount,Neutral,14956
312042,18107,35184,West,Semi-Urban,Normal,Premium,Discount,0,14,Savings,Satisfied,13074
221958,39251,33300,East,Semi-Urban,Normal,Mass,Branding,5,15,Combo,Negative,7750
178452,12284,68824,North,Urban,Normal,Mass,Discount,20,8,Affordable,Neutral,14857
241737,12856,42363,East,Semi-Urban,Normal,Mass,Discount,0,6,Discount,Negative,12331
283517,35330,40905,West,Semi-Urban,Festival,Premium,Discount,0,15,Combo,Neutral,14260
239188,25475,50965,East,Semi-Urban,Normal,Mass,Discount,15,15,Premium,Satisfied,14558
96969,12219,71136,East,Urban,Normal,Mass,Discount,10,12,Discount,Satisfied,11098
190378,42668,66584,South,Urban,Festival,Premium,Branding,20,13,Premium,Expensive,19028
302032,17940,46525,East,Semi-Urban,Normal,Premium,Branding,25,7,Premium,Negative,14547
128689,26078,38867,South,Semi-Urban,Festival,Premium,Discount,15,7,Premium,Happy,20022
140655,16589,68806,North,Urban,Festival,Premium,Discount,30,10,Affordable,Positive,20816
141051,17812,14604,South,Rural,Festival,Mass,Branding,20,5,Savings,Happy,15239
283161,10415,21864,East,Urban,Festival,Premium,Branding,5,3,Premium,Neutral,12231
237135,23332,9491,East,Semi-Urban,Normal,Mass,Branding,0,6,Discount,Negative,11005
206748,14146,61499,North,Semi-Urban,Festival,Mass,Discount,15,14,Affordable,Negative,16535
255062,30158,62767,North,Semi-Urban,Normal,Premium,Branding,0,15,Launch,Neutral,9634
182427,36540,34695,North,Semi-Urban,Festival,Premium,Discount,30,4,Savings,Happy,21402
200823,20652,25036,North,Urban,Festival,Premium,Discount,20,12,Affordable,Expensive,20746
125006,19560,53605,East,Urban,Festival,Mass,Discount,15,10,Launch,Satisfied,16680
113200,12850,71273,East,Urban,Normal,Mass,Discount,25,15,Launch,Satisfied,16323
241147,22852,69991,South,Rural,Festival,Mass,Branding,20,5,Savings,Neutral,14126
119181,26191,33243,North,Rural,Festival,Premium,Discount,15,12,Savings,Happy,18218
250138,37529,48397,South,Semi-Urban,Normal,Premium,Branding,20,10,Premium,Positive,11647
242238,42079,68984,South,Semi-Urban,Normal,Mass,Branding,15,4,Discount,Satisfied,12157
192878,33942,20021,West,Rural,Festival,Mass,Discount,0,14,Affordable,Expensive,15705
100963,13556,74050,West,Rural,Festival,Mass,Discount,20,14,Combo,Positive,16695
114502,42235,45733,South,Rural,Festival,Mass,Branding,20,15,Affordable,Satisfied,15764
315021,50208,44043,West,Urban,Normal,Premium,Discount,20,7,Luxury,Happy,15568
163644,34396,12827,South,Urban,Normal,Mass,Branding,25,8,Savings,Satisfied,13178
110167,44781,14366,East,Semi-Urban,Festival,Premium,Branding,25,15,Affordable,Neutral,18589
176716,47837,27162,East,Semi-Urban,Festival,Premium,Discount,5,12,Combo,Positive,16342
294912,43823,41246,East,Rural,Normal,Mass,Discount,5,5,Affordable,Happy,12962
189494,43598,55723,North,Urban,Normal,Mass,Discount,0,3,Discount,Happy,11423
159623,16970,54812,South,Semi-Urban,Normal,Mass,Discount,10,12,Launch,Negative,11611
115323,10924,39927,South,Semi-Urban,Festival,Mass,Discount,30,13,Launch,Neutral,20201
292748,27317,9506,North,Rural,Normal,Premium,Branding,5,5,Discount,Positive,9424
219336,11653,61213,South,Urban,Festival,Mass,Discount,0,12,Luxury,Expensive,13131
117294,37078,34151,West,Rural,Festival,Premium,Discount,10,13,Discount,Expensive,18726
267537,45284,8832,West,Semi-Urban,Normal,Mass,Branding,5,6,Discount,Neutral,9322
248825,12543,24156,East,Rural,Normal,Mass,Branding,25,11,Combo,Negative,15302
149545,29373,36442,North,Rural,Festival,Mass,Branding,5,14,Premium,Satisfied,13089
130315,35474,51064,South,Semi-Urban,Normal,Premium,Discount,30,3,Savings,Expensive,17327
229511,30168,35782,West,Rural,Festival,Mass,Discount,0,3,Discount,Positive,12842
170403,19295,11766,North,Urban,Festival,Mass,Discount,25,3,Discount,Happy,18989
132248,44989,16643,West,Urban,Festival,Mass,Discount,0,3,Discount,Expensive,12228
296284,51388,45665,West,Urban,Festival,Mass,Discount,10,8,Affordable,Negative,15462
85483,32996,41646,East,Urban,Normal,Premium,Branding,30,7,Luxury,Expensive,13662
286846,37061,12095,West,Rural,Festival,Premium,Branding,25,3,Luxury,Happy,17294
267273,15956,45632,South,Semi-Urban,Festival,Mass,Branding,30,15,Discount,Positive,17767
208666,16271,72419,South,Semi-Urban,Normal,Premium,Discount,10,6,Combo,Satisfied,15898
123461,17203,18601,West,Rural,Festival,Premium,Branding,0,9,Savings,Expensive,11714
190658,11649,56752,South,Semi-Urban,Normal,Premium,Discount,15,13,Premium,Negative,13753
219341,48934,12441,East,Rural,Normal,Mass,Branding,25,11,Combo,Neutral,12405
201413,38757,41713,South,Urban,Normal,Premium,Discount,20,6,Affordable,Neutral,14882
269618,20222,40450,East,Rural,Normal,Mass,Discount,10,6,Affordable,Expensive,11152
123149,16660,33615,West,Urban,Festival,Premium,Branding,15,7,Premium,Positive,14584
153611,23529,58900,West,Urban,Festival,Premium,Branding,25,6,Luxury,Expensive,17939
201445,11449,26587,East,Rural,Normal,Mass,Discount,30,9,Combo,Happy,18725
276372,37600,37958,South,Rural,Festival,Mass,Branding,15,8,Affordable,Expensive,13022
314551,37497,39771,West,Rural,Festival,Premium,Branding,15,10,Discount,Happy,17076
215856,21997,50998,North,Semi-Urban,Normal,Mass,Discount,10,11,Premium,Satisfied,11952
216110,32820,21249,West,Rural,Festival,Premium,Discount,25,15,Launch,Neutral,21789
169876,36892,67888,South,Rural,Festival,Premium,Discount,25,12,Affordable,Expensive,17978
146180,27980,58048,West,Urban,Festival,Mass,Branding,15,13,Combo,Expensive,15097
232089,27377,22320,South,Semi-Urban,Normal,Mass,Branding,15,6,Premium,Satisfied,9781
292224,51569,33319,West,Rural,Festival,Mass,Branding,25,13,Launch,Negative,17857
157160,45931,24405,West,Semi-Urban,Festival,Premium,Branding,25,7,Savings,Expensive,17036
206240,10176,44858,East,Urban,Normal,Premium,Branding,15,9,Luxury,Expensive,11413
252822,33752,28021,East,Semi-Urban,Festival,Mass,Branding,30,5,Luxury,Neutral,19690
83928,10752,35492,North,Rural,Normal,Premium,Discount,20,5,Launch,Satisfied,15127
283503,39619,53409,South,Urban,Normal,Mass,Discount,25,11,Launch,Expensive,15455
131739,42405,35931,North,Rural,Normal,Mass,Discount,10,9,Premium,Satisfied,14188
209257,46516,15661,West,Semi-Urban,Festival,Premium,Discount,15,5,Luxury,Happy,15771
122036,31016,69336,West,Rural,Normal,Premium,Branding,15,9,Combo,Positive,12190
246996,33617,11739,North,Rural,Festival,Premium,Discount,20,10,Savings,Satisfied,16895
135931,37236,24633,East,Urban,Normal,Premium,Branding,30,11,Luxury,Satisfied,15739
194082,32410,63363,East,Rural,Festival,Premium,Branding,10,10,Savings,Neutral,16942
151223,43189,53194,South,Rural,Normal,Mass,Branding,5,8,Combo,Neutral,8459
233734,51603,19478,North,Semi-Urban,Normal,Mass,Branding,10,4,Discount,Positive,9874
295472,41133,15883,West,Rural,Festival,Mass,Discount,0,13,Combo,Negative,12945
106571,21881,12846,West,Urban,Festival,Premium,Discount,30,7,Luxury,Expensive,20521
306086,29794,32219,West,Urban,Normal,Mass,Branding,20,13,Luxury,Positive,14199
228768,44219,13161,North,Semi-Urban,Normal,Premium,Discount,0,13,Savings,Happy,14867
252857,20177,70317,West,Rural,Festival,Mass,Branding,5,5,Combo,Positive,13916
81253,10611,23947,North,Urban,Festival,Mass,Branding,0,7,Combo,Happy,11490
198168,22282,14571,East,Rural,Festival,Mass,Branding,25,11,Combo,Negative,17787
255516,26649,14902,North,Urban,Festival,Mass,Discount,15,7,Affordable,Expensive,19134
123515,41872,15835,East,Semi-Urban,Normal,Premium,Discount,5,15,Discount,Neutral,12254
245073,37391,70516,West,Semi-Urban,Normal,Premium,Branding,10,3,Luxury,Expensive,14734
167042,49703,10031,South,Rural,Normal,Premium,Discount,15,9,Combo,Negative,17643
282229,25358,67148,East,Rural,Festival,Premium,Branding,10,9,Premium,Happy,13167
155634,19218,27267,East,Rural,Normal,Premium,Discount,20,11,Savings,Negative,15252
286488,25337,48562,North,Rural,Normal,Premium,Discount,10,12,Launch,Positive,14973
200512,45426,19495,East,Urban,Festival,Premium,Branding,30,11,Affordable,Negative,20562
234488,23229,32792,South,Urban,Festival,Mass,Branding,10,12,Luxury,Neutral,14614
284377,43896,27530,South,Urban,Normal,Premium,Discount,10,13,Savings,Positive,13100
162782,49138,11979,East,Semi-Urban,Festival,Mass,Discount,5,12,Savings,Happy,17060
135989,27144,44677,West,Urban,Normal,Mass,Branding,30,3,Affordable,Satisfied,13391
179143,15482,11607,North,Urban,Normal,Premium,Branding,30,4,Launch,Happy,16667
111435,15895,41710,East,Rural,Festival,Mass,Branding,5,10,Launch,Satisfied,13447
141637,24530,30560,North,Semi-Urban,Normal,Mass,Discount,30,3,Affordable,Happy,17871
94619,16622,26978,East,Urban,Festival,Premium,Branding,30,13,Discount,Negative,19060
177435,26843,59124,North,Semi-Urban,Normal,Premium,Discount,15,6,Launch,Satisfied,12817
202656,22786,12720,South,Urban,Festival,Premium,Discount,30,10,Discount,Negative,18592
244723,14925,67288,East,Semi-Urban,Festival,Premium,Discount,25,8,Premium,Neutral,19333
272954,13717,31624,West,Rural,Festival,Premium,Discount,10,9,Savings,Satisfied,16093
86663,27767,46869,East,Urban,Normal,Premium,Discount,10,10,Savings,Positive,13065
214599,13725,35676,West,Semi-Urban,Festival,Premium,Discount,10,9,Affordable,Satisfied,16765
105576,35568,45935,West,Urban,Festival,Premium,Discount,25,3,Savings,Happy,20302
213899,19184,66065,North,Rural,Normal,Mass,Branding,15,3,Savings,Satisfied,11483
229773,21841,26097,South,Rural,Festival,Mass,Discount,20,4,Launch,Positive,20101
271587,42471,43899,South,Urban,Festival,Mass,Branding,5,3,Discount,Expensive,14677
186986,13628,53566,East,Semi-Urban,Normal,Mass,Discount,15,15,Savings,Satisfied,13395
145100,22193,56116,North,Urban,Normal,Mass,Branding,20,10,Luxury,Positive,11101
173511,26038,50071,West,Rural,Festival,Premium,Discount,25,10,Savings,Happy,17724
219070,45214,25612,North,Urban,Festival,Mass,Discount,5,4,Affordable,Neutral,16966
294211,11970,10549,North,Rural,Festival,Premium,Discount,30,12,Combo,Happy,22219
217078,25621,66223,North,Semi-Urban,Festival,Mass,Discount,10,4,Savings,Negative,18116
211270,28325,22423,North,Urban,Normal,Mass,Discount,30,6,Premium,Expensive,18607
201124,35992,29538,North,Rural,Normal,Premium,Discount,15,3,Launch,Neutral,15489
185042,25753,51919,West,Rural,Normal,Premium,Discount,10,11,Premium,Expensive,14709
145348,37665,9514,East,Urban,Festival,Mass,Branding,15,6,Luxury,Expensive,12382
139107,19136,63145,West,Semi-Urban,Festival,Mass,Discount,30,13,Luxury,Neutral,19150
244691,45537,12689,North,Semi-Urban,Festival,Mass,Branding,5,3,Affordable,Positive,12920
171109,20943,23778,North,Rural,Normal,Mass,Branding,20,11,Premium,Negative,11127
214121,18609,46482,West,Rural,Normal,Premium,Discount,25,4,Combo,Happy,16867
300134,39762,37047,West,Urban,Normal,Premium,Branding,20,10,Savings,Neutral,11875
143505,31867,37043,South,Rural,Normal,Premium,Discount,10,5,Launch,Satisfied,14465
225923,31330,72409,East,Semi-Urban,Festival,Premium,Discount,30,3,Premium,Happy,18965
238839,32806,65669,North,Rural,Normal,Premium,Branding,25,15,Discount,Happy,14363
257644,20126,62624,East,Rural,Normal,Mass,Discount,20,12,Launch,Neutral,16360
104917,41145,43216,South,Semi-Urban,Festival,Mass,Branding,30,11,Luxury,Positive,18989
184200,47483,27612,West,Semi-Urban,Festival,Premium,Branding,25,10,Affordable,Expensive,18404
156786,33131,59207,West,Rural,Normal,Mass,Branding,15,10,Affordable,Satisfied,13612
159700,19502,65100,West,Rural,Festival,Mass,Branding,10,12,Launch,Satisfied,13982
133558,37947,9401,North,Urban,Normal,Premium,Branding,20,15,Affordable,Happy,15192
215645,43899,64368,West,Semi-Urban,Normal,Mass,Branding,15,3,Combo,Positive,13520
140102,16485,61676,East,Rural,Normal,Mass,Discount,15,10,Savings,Negative,16023
169988,44743,20090,South,Semi-Urban,Normal,Premium,Discount,30,7,Luxury,Satisfied,16319
251947,29327,53004,West,Rural,Festival,Premium,Discount,20,6,Savings,Satisfied,17111
245176,47024,21974,East,Rural,Festival,Premium,Discount,30,3,Affordable,Expensive,22948
81025,29952,60109,North,Rural,Festival,Mass,Discount,5,10,Launch,Happy,17054
149735,44831,26837,South,Semi-Urban,Festival,Mass,Discount,20,15,Luxury,Positive,15350
106241,14989,30352,West,Semi-Urban,Normal,Mass,Discount,25,15,Luxury,Neutral,14187
267552,25614,54379,East,Urban,Festival,Premium,Discount,30,12,Discount,Neutral,19989
197922,50894,58548,North,Urban,Festival,Premium,Discount,15,3,Luxury,Satisfied,17760
138431,12882,28893,South,Semi-Urban,Festival,Premium,Branding,15,12,Affordable,Negative,14263
143682,35545,37019,West,Semi-Urban,Normal,Premium,Discount,30,6,Discount,Satisfied,16804
173951,34838,32451,North,Semi-Urban,Normal,Premium,Discount,10,11,Launch,Negative,14565
185695,14289,24159,West,Semi-Urban,Festival,Premium,Discount,15,7,Affordable,Satisfied,19281
89152,28293,11314,East,Urban,Festival,Mass,Discount,5,7,Luxury,Satisfied,16954
196210,40608,39481,South,Semi-Urban,Normal,Mass,Branding,15,13,Luxury,Satisfied,11651
204768,43084,34797,South,Semi-Urban,Festival,Premium,Branding,20,8,Luxury,Satisfied,17927
239436,43436,35858,South,Urban,Festival,Premium,Branding,0,13,Combo,Happy,12207
161471,10983,59109,North,Rural,Festival,Mass,Branding,5,13,Discount,Positive,15015
319560,33690,73583,East,Urban,Festival,Premium,Discount,5,7,Premium,Expensive,17192
154020,33324,60871,West,Rural,Festival,Premium,Discount,0,8,Combo,Expensive,15892
315128,37038,11311,West,Urban,Normal,Premium,Discount,5,7,Discount,Neutral,15910
272427,24364,13302,West,Urban,Festival,Premium,Discount,30,7,Premium,Negative,18739
224793,30376,31549,South,Rural,Normal,Premium,Branding,25,13,Luxury,Neutral,12524
109326,28765,13630,North,Urban,Festival,Mass,Branding,5,15,Affordable,Expensive,11114
189375,35797,36940,East,Rural,Festival,Premium,Branding,15,8,Combo,Happy,17424
213341,13558,34996,West,Rural,Festival,Premium,Discount,0,14,Launch,Happy,15154
125752,45809,29455,South,Rural,Normal,Mass,Discount,5,8,Affordable,Negative,10170
132798,51714,48704,South,Urban,Normal,Premium,Discount,25,6,Discount,Happy,18159
114891,33033,47239,South,Rural,Festival,Mass,Branding,25,4,Luxury,Negative,15397
257478,20144,68447,West,Urban,Festival,Premium,Discount,10,10,Premium,Positive,15313
314831,28407,47833,South,Urban,Normal,Premium,Discount,5,8,Savings,Negative,15584
175151,28973,30032,North,Urban,Festival,Premium,Branding,0,14,Combo,Neutral,15631
149318,17130,72077,West,Semi-Urban,Festival,Premium,Discount,10,4,Combo,Neutral,16871
251199,26121,18242,South,Rural,Festival,Mass,Branding,30,5,Affordable,Neutral,16438
247274,44434,30080,North,Rural,Normal,Premium,Branding,5,13,Launch,Neutral,11541
140352,34151,25870,East,Semi-Urban,Festival,Mass,Discount,0,12,Launch,Expensive,14815
317291,13312,36369,West,Semi-Urban,Normal,Mass,Branding,20,12,Combo,Positive,11283
260350,24909,29448,South,Semi-Urban,Normal,Mass,Discount,30,10,Savings,Satisfied,15706
269517,34411,8367,North,Rural,Normal,Mass,Branding,0,13,Discount,Happy,9969
313471,32194,16220,West,Urban,Festival,Mass,Branding,10,3,Savings,Happy,14173
228770,22806,69451,North,Rural,Normal,Premium,Branding,20,13,Launch,Satisfied,14904
239665,50623,18674,North,Rural,Normal,Premium,Branding,10,10,Combo,Expensive,10940
158462,32505,11649,South,Urban,Normal,Mass,Discount,25,12,Affordable,Happy,17769
189150,33593,39488,West,Semi-Urban,Normal,Mass,Discount,5,6,Luxury,Expensive,10334
138001,26612,20447,South,Rural,Normal,Premium,Discount,20,10,Premium,Happy,18302
262641,17406,18515,West,Rural,Festival,Premium,Discount,30,11,Luxury,Happy,19355
244258,43761,21381,West,Rural,Normal,Mass,Discount,20,10,Launch,Positive,13239
177875,50552,15543,West,Urban,Festival,Premium,Discount,0,14,Luxury,Satisfied,16780
158624,17899,25772,West,Urban,Festival,Mass,Branding,5,8,Combo,Neutral,10506
296434,26752,24085,South,Semi-Urban,Normal,Premium,Discount,30,12,Affordable,Positive,18334
223873,31454,22807,North,Rural,Festival,Premium,Branding,5,14,Savings,Positive,16678
195311,17443,10746,West,Urban,Festival,Premium,Discount,5,11,Affordable,Expensive,17032
299206,19453,40802,East,Semi-Urban,Festival,Mass,Branding,5,10,Luxury,Negative,10679
289834,12323,17778,South,Rural,Normal,Premium,Discount,25,10,Savings,Satisfied,18754
99892,33654,51158,South,Semi-Urban,Festival,Mass,Discount,5,8,Combo,Negative,15124
231268,40697,58840,East,Semi-Urban,Festival,Premium,Branding,10,6,Discount,Satisfied,16582
309711,49889,13948,South,Rural,Festival,Premium,Branding,10,4,Luxury,Neutral,15746
229149,47586,26231,North,Rural,Festival,Mass,Branding,25,12,Combo,Positive,16990
287592,28453,39200,South,Rural,Festival,Premium,Branding,25,8,Luxury,Expensive,17528
171863,46093,61210,East,Urban,Normal,Premium,Branding,20,8,Premium,Satisfied,14476
119533,18887,34917,North,Rural,Normal,Premium,Branding,15,12,Launch,Neutral,12092
233824,14346,26850,East,Rural,Normal,Premium,Branding,0,6,Luxury,Positive,12807
126856,29938,54332,West,Semi-Urban,Normal,Mass,Branding,10,5,Affordable,Neutral,12787
86048,20784,43133,South,Rural,Festival,Mass,Discount,15,10,Premium,Happy,16523
306511,42893,21050,South,Urban,Festival,Mass,Discount,0,4,Launch,Happy,14316
268485,18956,8661,South,Semi-Urban,Festival,Premium,Discount,5,8,Affordable,Expensive,14139
250113,41871,61125,East,Urban,Festival,Premium,Discount,0,13,Luxury,Neutral,17069
236721,36185,41687,West,Urban,Festival,Premium,Branding,0,9,Luxury,Expensive,13714
121072,16124,10438,South,Urban,Festival,Mass,Branding,30,8,Savings,Neutral,19321
258297,48567,28107,East,Urban,Normal,Premium,Discount,30,13,Affordable,Expensive,19921
265169,39698,44472,East,Rural,Normal,Mass,Branding,0,11,Savings,Positive,9489
119477,51215,37906,West,Urban,Festival,Mass,Discount,0,11,Luxury,Satisfied,16060
283783,21915,41962,East,Rural,Festival,Mass,Discount,20,3,Affordable,Expensive,17107
195751,42698,35936,East,Semi-Urban,Normal,Mass,Branding,30,3,Discount,Expensive,12042
97154,36335,53964,North,Urban,Normal,Premium,Branding,25,13,Launch,Satisfied,12761
146041,11360,42382,West,Urban,Festival,Premium,Discount,10,15,Savings,Expensive,17093
158239,42676,36391,South,Semi-Urban,Normal,Mass,Branding,10,4,Affordable,Positive,12291
308615,26366,29180,East,Rural,Normal,Mass,Discount,30,6,Launch,Expensive,16873
92108,38775,31894,West,Urban,Normal,Mass,Discount,5,3,Premium,Neutral,10644
211761,33047,20785,South,Semi-Urban,Normal,Mass,Branding,10,13,Combo,Expensive,11565
311198,31998,12314,South,Urban,Festival,Mass,Discount,20,12,Premium,Happy,18647
263087,16872,10612,North,Semi-Urban,Festival,Mass,Discount,15,5,Luxury,Negative,14238
126918,24674,27390,North,Rural,Normal,Premium,Discount,10,6,Launch,Satisfied,12403
151558,21614,9993,East,Semi-Urban,Festival,Mass,Discount,20,3,Savings,Happy,18081
150046,10694,50691,North,Rural,Normal,Premium,Branding,25,9,Launch,Expensive,14711
184669,37653,49715,West,Semi-Urban,Festival,Premium,Branding,15,15,Premium,Expensive,13758
142676,49834,73673,East,Rural,Normal,Mass,Discount,25,4,Discount,Happy,13290
318163,13244,61191,East,Rural,Normal,Premium,Branding,20,3,Savings,Expensive,15477
213727,32436,57793,South,Rural,Normal,Premium,Discount,15,11,Affordable,Happy,15355
98873,51215,37263,East,Semi-Urban,Normal,Premium,Branding,20,6,Premium,Positive,15942
175445,44336,34848,South,Semi-Urban,Festival,Mass,Discount,30,13,Savings,Satisfied,17269
164400,34986,55416,West,Urban,Normal,Mass,Branding,15,4,Affordable,Neutral,13495
216669,29818,67350,North,Semi-Urban,Normal,Premium,Branding,25,4,Savings,Expensive,16435
271543,21436,27645,North,Rural,Festival,Premium,Branding,20,13,Premium,Happy,17656
217202,32288,57955,East,Urban,Festival,Mass,Branding,0,12,Premium,Neutral,13978
151983,31234,41504,South,Semi-Urban,Normal,Mass,Branding,30,4,Premium,Satisfied,15379
287700,29035,56708,North,Rural,Normal,Premium,Branding,0,14,Launch,Neutral,11362
192975,49809,41658,East,Urban,Normal,Mass,Discount,30,14,Luxury,Neutral,14436
254483,23312,51181,North,Urban,Normal,Premium,Branding,20,9,Savings,Expensive,11827
108261,48848,68626,West,Rural,Normal,Premium,Branding,5,4,Savings,Negative,12936
115463,43540,9246,South,Rural,Festival,Premium,Discount,25,7,Luxury,Neutral,20685
281818,40139,23482,North,Urban,Festival,Mass,Discount,15,4,Launch,Satisfied,18844
199086,13604,34192,East,Semi-Urban,Festival,Premium,Discount,15,3,Launch,Expensive,16906
164014,31911,32936,North,Urban,Normal,Premium,Discount,10,9,Affordable,Expensive,14260
225671,35872,74975,West,Rural,Festival,Premium,Branding,5,9,Launch,Negative,16339
147393,29986,34477,South,Urban,Festival,Premium,Branding,25,10,Combo,Happy,16669
175873,32397,34249,West,Rural,Festival,Premium,Discount,20,4,Savings,Happy,19264
89257,27927,36795,West,Semi-Urban,Festival,Mass,Branding,15,14,Savings,Satisfied,13872
95130,21805,64848,North,Urban,Festival,Mass,Branding,5,3,Combo,Happy,11753
210604,24470,46652,South,Rural,Festival,Mass,Discount,20,4,Savings,Positive,16767
285587,15998,14594,West,Urban,Normal,Premium,Branding,5,3,Combo,Satisfied,9261
121980,39249,46487,South,Rural,Normal,Mass,Branding,10,8,Luxury,Satisfied,9556
289550,25126,59314,North,Semi-Urban,Normal,Mass,Branding,5,13,Luxury,Expensive,8187
131945,40438,27519,South,Semi-Urban,Normal,Premium,Discount,0,8,Discount,Expensive,11736
251999,44360,17559,East,Semi-Urban,Normal,Mass,Branding,0,6,Savings,Neutral,9000
236703,48267,19591,South,Urban,Normal,Premium,Discount,20,7,Discount,Happy,18524
106389,10086,53127,South,Urban,Normal,Mass,Discount,10,8,Savings,Negative,12334
166390,33858,31443,North,Semi-Urban,Festival,Premium,Discount,25,11,Discount,Satisfied,22392
183091,40238,12705,North,Urban,Festival,Premium,Discount,15,12,Launch,Neutral,16338
178228,20740,55112,South,Rural,Festival,Premium,Discount,30,13,Launch,Negative,20899
119069,27123,20322,North,Urban,Festival,Mass,Branding,10,11,Luxury,Positive,13966
202634,26119,29499,North,Rural,Normal,Premium,Discount,10,9,Luxury,Satisfied,12856
318132,25721,73771,South,Urban,Festival,Mass,Discount,15,15,Launch,Expensive,18895
135295,25024,19408,South,Urban,Normal,Mass,Branding,15,12,Luxury,Positive,11601
229372,17913,19052,South,Urban,Festival,Mass,Discount,0,12,Affordable,Positive,11852
136334,50517,30898,East,Semi-Urban,Festival,Premium,Discount,0,8,Savings,Negative,13277
103081,26045,27407,South,Urban,Normal,Mass,Discount,5,6,Combo,Neutral,9956
80746,41439,12945,West,Rural,Normal,Mass,Discount,5,13,Discount,Neutral,12777
104218,32885,29263,West,Rural,Normal,Mass,Branding,30,14,Affordable,Positive,15728
298223,48691,29590,West,Semi-Urban,Normal,Mass,Discount,30,15,Launch,Neutral,15824
142942,22977,68018,South,Semi-Urban,Festival,Premium,Branding,30,13,Combo,Neutral,19516
186493,15708,37929,East,Rural,Normal,Premium,Discount,10,10,Luxury,Positive,12719
310215,41154,62874,West,Rural,Normal,Premium,Discount,10,11,Premium,Positive,14721
183250,40535,12268,East,Semi-Urban,Festival,Premium,Discount,25,10,Savings,Expensive,21923
291584,25842,23821,South,Rural,Festival,Premium,Discount,15,7,Affordable,Satisfied,18688
123887,24693,54078,West,Semi-Urban,Normal,Premium,Discount,30,5,Savings,Happy,15485
80092,21491,21597,South,Semi-Urban,Normal,Premium,Discount,20,14,Launch,Happy,16692
115398,26602,62529,North,Rural,Normal,Premium,Branding,10,8,Affordable,Expensive,12890
216886,13911,73289,West,Semi-Urban,Festival,Mass,Discount,20,9,Savings,Neutral,19314
313598,19980,68145,North,Semi-Urban,Normal,Mass,Discount,10,5,Premium,Happy,15046
213167,13058,59408,South,Rural,Normal,Mass,Branding,30,11,Discount,Negative,16405
186840,15525,57871,West,Rural,Normal,Premium,Branding,5,12,Savings,Positive,13275
171028,19167,34317,North,Urban,Normal,Mass,Branding,0,12,Affordable,Negative,9463
261803,22264,43697,East,Semi-Urban,Festival,Premium,Branding,15,4,Combo,Neutral,16682
183277,30947,58530,West,Semi-Urban,Festival,Mass,Branding,20,9,Combo,Satisfied,15693
91520,19966,44556,West,Rural,Normal,Mass,Branding,15,8,Combo,Negative,13544
292593,28898,23872,East,Semi-Urban,Festival,Mass,Branding,10,12,Affordable,Neutral,13313
312230,14578,20635,West,Rural,Festival,Premium,Discount,25,5,Combo,Expensive,18485
283059,36465,59707,East,Semi-Urban,Normal,Premium,Branding,10,5,Combo,Satisfied,14178
272848,44156,62216,East,Urban,Festival,Premium,Discount,15,4,Luxury,Positive,20422
255062,25436,64695,West,Urban,Normal,Mass,Discount,5,13,Launch,Satisfied,13519
112752,28520,12387,West,Semi-Urban,Festival,Premium,Branding,25,4,Launch,Happy,20463
296071,43362,43786,South,Urban,Normal,Mass,Branding,25,12,Launch,Positive,13968
86112,43899,17460,North,Semi-Urban,Festival,Mass,Branding,25,15,Premium,Negative,16262
211955,13873,66418,North,Urban,Normal,Mass,Branding,5,7,Combo,Neutral,10126
219117,47254,38184,South,Rural,Festival,Premium,Discount,5,15,Premium,Positive,18052
150269,37781,57074,North,Rural,Normal,Mass,Discount,15,9,Luxury,Happy,14564
139318,13586,56673,East,Rural,Normal,Mass,Branding,20,5,Savings,Negative,13835
130000,32392,32892,North,Semi-Urban,Festival,Premium,Discount,0,14,Luxury,Positive,16604
283798,22956,33786,East,Urban,Normal,Mass,Discount,0,8,Premium,Negative,8626
299011,51300,42575,East,Rural,Festival,Premium,Branding,10,4,Discount,Expensive,14258
261225,33282,63183,North,Rural,Normal,Mass,Branding,0,5,Affordable,Negative,10501
101690,32127,49749,West,Urban,Festival,Premium,Branding,5,8,Affordable,Expensive,12083
318255,22654,44478,West,Rural,Normal,Mass,Branding,5,5,Discount,Positive,9175
270810,48361,57664,North,Urban,Festival,Premium,Discount,5,12,Luxury,Positive,16571
168722,50932,68524,West,Rural,Festival,Mass,Discount,5,8,Savings,Positive,13219
234985,18273,34201,West,Semi-Urban,Normal,Mass,Discount,30,10,Premium,Negative,15880
267912,40773,69828,South,Urban,Normal,Premium,Discount,25,6,Launch,Satisfied,14561
182840,47098,37383,North,Urban,Festival,Mass,Discount,0,10,Discount,Negative,13485
137564,12898,62229,East,Urban,Festival,Premium,Discount,15,15,Discount,Expensive,16502
129004,19388,29340,East,Urban,Normal,Mass,Discount,30,3,Luxury,Expensive,14611
211720,46806,18174,North,Rural,Normal,Premium,Branding,25,3,Luxury,Expensive,14225
86310,22279,74454,West,Urban,Festival,Mass,Branding,0,12,Discount,Happy,13766
172413,16162,19513,South,Urban,Festival,Premium,Branding,10,7,Launch,Neutral,14022
209534,49742,51889,South,Urban,Festival,Mass,Discount,0,13,Combo,Happy,13270
216347,35255,67719,West,Rural,Festival,Mass,Discount,30,3,Combo,Expensive,17168
255668,18849,64462,North,Urban,Normal,Premium,Branding,25,5,Affordable,Neutral,15372
87432,31260,58107,North,Urban,Normal,Mass,Branding,30,12,Launch,Neutral,14155
290665,26367,9724,West,Rural,Festival,Premium,Discount,20,8,Launch,Neutral,16634
281960,25648,52908,North,Rural,Festival,Mass,Discount,30,8,Savings,Expensive,19680
176239,14211,23972,West,Urban,Festival,Mass,Discount,15,11,Combo,Expensive,14946
249815,23918,36581,East,Urban,Normal,Premium,Discount,5,12,Savings,Happy,12281
261046,28632,59238,South,Semi-Urban,Normal,Mass,Discount,25,6,Combo,Neutral,17862
117230,14548,16903,West,Semi-Urban,Festival,Mass,Discount,20,3,Discount,Neutral,15718
117285,46523,22793,West,Rural,Normal,Premium,Discount,0,7,Affordable,Negative,13361
262654,21352,66317,North,Semi-Urban,Normal,Premium,Discount,0,9,Launch,Satisfied,10892
304136,23688,53973,East,Semi-Urban,Festival,Mass,Discount,0,5,Launch,Expensive,16329
161781,27239,31672,North,Urban,Normal,Mass,Discount,15,7,Combo,Positive,15879
233004,24631,16133,North,Semi-Urban,Festival,Premium,Discount,10,8,Luxury,Expensive,16260
116270,34207,40983,East,Semi-Urban,Festival,Mass,Discount,30,5,Affordable,Negative,17157
138715,22709,36707,West,Semi-Urban,Festival,Premium,Branding,30,3,Discount,Positive,19502
299263,34205,38777,East,Urban,Normal,Premium,Branding,0,4,Savings,Happy,12053
104571,36521,23436,West,Semi-Urban,Festival,Mass,Branding,15,3,Discount,Satisfied,12766
149753,33667,66185,West,Urban,Normal,Mass,Discount,20,6,Savings,Expensive,13882
227553,50051,57311,North,Urban,Normal,Mass,Discount,20,5,Luxury,Neutral,13858
106607,15444,70567,East,Semi-Urban,Normal,Mass,Discount,30,10,Combo,Neutral,14711
133826,28391,55347,North,Urban,Normal,Premium,Branding,5,11,Discount,Expensive,13128
316628,11603,69643,North,Rural,Festival,Premium,Discount,25,8,Premium,Negative,20159
274084,12736,56198,South,Rural,Festival,Mass,Branding,25,4,Savings,Satisfied,14313
154755,38771,26413,South,Semi-Urban,Normal,Mass,Discount,15,3,Combo,Satisfied,11316
174350,41733,38552,North,Semi-Urban,Normal,Premium,Discount,20,6,Premium,Negative,15269
161235,39922,43517,South,Semi-Urban,Festival,Premium,Discount,10,9,Combo,Expensive,15002
229051,34506,29243,South,Urban,Festival,Premium,Branding,15,11,Luxury,Expensive,16883
116094,27109,39514,North,Semi-Urban,Normal,Mass,Discount,20,5,Luxury,Neutral,12576
123974,25355,63423,South,Urban,Normal,Premium,Branding,20,13,Premium,Satisfied,13814
266663,36722,20431,North,Semi-Urban,Festival,Mass,Branding,0,7,Launch,Satisfied,10652
190123,14806,57394,East,Rural,Festival,Premium,Discount,15,13,Luxury,Happy,18741
315607,44203,33255,West,Urban,Normal,Premium,Discount,30,14,Affordable,Expensive,17360
188014,34003,41742,North,Rural,Festival,Premium,Discount,25,8,Launch,Positive,21159
204609,32284,31625,West,Semi-Urban,Festival,Premium,Discount,5,11,Savings,Negative,15013
315953,25236,56602,East,Semi-Urban,Normal,Premium,Discount,5,13,Premium,Neutral,11848
89350,43415,25825,West,Rural,Normal,Mass,Branding,20,10,Affordable,Happy,14557
173239,32616,65307,East,Urban,Normal,Mass,Discount,15,8,Discount,Expensive,13608
299031,46060,34741,South,Rural,Festival,Premium,Branding,25,7,Premium,Positive,20447
199255,48587,13980,South,Urban,Normal,Premium,Discount,0,15,Discount,Satisfied,10718
262422,26313,8515,South,Urban,Festival,Premium,Discount,0,3,Discount,Positive,13742
131993,19739,69586,East,Urban,Normal,Premium,Branding,15,14,Savings,Neutral,13439
94412,15500,42601,South,Semi-Urban,Festival,Mass,Discount,25,7,Premium,Expensive,18700
169574,42883,72460,South,Urban,Festival,Mass,Branding,15,7,Combo,Positive,14095
161626,14728,69925,North,Urban,Festival,Mass,Branding,30,10,Launch,Satisfied,15677
296230,40925,65078,South,Urban,Festival,Mass,Discount,30,13,Savings,Satisfied,19040
211413,37752,51495,North,Urban,Festival,Mass,Discount,20,7,Premium,Expensive,18838
241145,22604,32109,South,Semi-Urban,Normal,Mass,Discount,0,6,Savings,Neutral,11053
183944,30673,48158,North,Rural,Normal,Mass,Branding,0,8,Luxury,Satisfied,7754
125949,51250,40135,West,Urban,Festival,Premium,Discount,30,11,Combo,Happy,21385
259770,41225,48733,North,Urban,Festival,Premium,Branding,15,4,Affordable,Expensive,17927
138164,39466,49712,West,Rural,Normal,Premium,Branding,30,14,Affordable,Happy,13831
107511,39866,19516,East,Urban,Festival,Mass,Discount,15,13,Luxury,Positive,16667
252392,14491,52669,West,Rural,Festival,Mass,Branding,25,4,Combo,Expensive,14437
88359,28876,25700,North,Rural,Festival,Premium,Discount,30,11,Luxury,Negative,19793
142824,21382,58708,West,Rural,Normal,Premium,Discount,5,10,Luxury,Positive,11663
148044,35343,69966,South,Urban,Normal,Premium,Branding,25,6,Combo,Satisfied,14100
319996,42181,22024,East,Urban,Festival,Premium,Branding,30,14,Premium,Happy,19054
162167,21325,52774,South,Rural,Normal,Mass,Discount,30,6,Luxury,Neutral,13998
286427,26667,13158,North,Semi-Urban,Festival,Premium,Branding,10,7,Affordable,Happy,15709
183392,34788,45219,North,Urban,Festival,Premium,Discount,30,13,Launch,Positive,19819
277876,19865,48211,East,Rural,Normal,Premium,Branding,30,7,Premium,Satisfied,17835
266974,32046,15189,East,Urban,Normal,Mass,Discount,30,11,Savings,Neutral,17771
285234,40263,36065,East,Semi-Urban,Festival,Mass,Discount,0,8,Discount,Positive,13381
177000,14630,16868,West,Rural,Festival,Mass,Branding,25,9,Affordable,Negative,17109
161233,51853,69665,East,Semi-Urban,Normal,Premium,Discount,20,12,Launch,Happy,14176
206884,39237,62580,North,Rural,Festival,Mass,Discount,10,11,Affordable,Expensive,14339
251649,47248,12572,West,Rural,Normal,Mass,Discount,15,4,Premium,Happy,13602
295066,43763,54742,North,Urban,Festival,Mass,Branding,25,9,Premium,Negative,14653
189265,23220,50894,East,Semi-Urban,Festival,Premium,Discount,25,5,Luxury,Negative,22110
315935,20752,32031,North,Rural,Festival,Premium,Discount,0,6,Luxury,Positive,17136
303127,24097,74951,West,Urban,Festival,Mass,Discount,25,10,Launch,Positive,19494
115717,49460,41966,East,Urban,Normal,Mass,Branding,0,4,Launch,Positive,9298
316777,20841,39071,East,Urban,Festival,Mass,Discount,30,6,Luxury,Expensive,17821
276402,40300,36290,East,Semi-Urban,Festival,Premium,Discount,15,4,Launch,Positive,20302
257637,37200,26626,East,Semi-Urban,Festival,Mass,Branding,15,15,Combo,Satisfied,13848
139684,20566,61756,East,Rural,Normal,Premium,Branding,5,13,Premium,Negative,9608
117368,22656,49391,North,Rural,Normal,Mass,Branding,15,10,Launch,Happy,13193
204011,28159,69790,South,Semi-Urban,Festival,Mass,Discount,0,8,Combo,Negative,12086
185747,16582,54411,West,Semi-Urban,Normal,Premium,Discount,15,12,Luxury,Positive,13055
302691,41247,54461,West,Semi-Urban,Normal,Mass,Discount,25,5,Combo,Neutral,16289
287360,31405,36793,East,Urban,Normal,Mass,Branding,0,5,Launch,Positive,9168
291433,41432,65778,West,Semi-Urban,Normal,Mass,Branding,20,11,Launch,Neutral,14029
110474,31798,41364,West,Rural,Normal,Mass,Branding,30,9,Discount,Neutral,16325
83144,28076,51564,East,Semi-Urban,Festival,Premium,Discount,0,6,Premium,Positive,14160
118506,30389,37882,South,Urban,Normal,Premium,Discount,25,14,Discount,Satisfied,19022
224398,15871,27472,West,Urban,Festival,Premium,Branding,15,4,Combo,Expensive,15185
236497,18278,47543,North,Urban,Festival,Mass,Discount,0,3,Affordable,Expensive,12897
109448,40367,29237,North,Urban,Festival,Premium,Discount,10,4,Launch,Negative,17475
182471,36805,41202,West,Urban,Normal,Mass,Discount,5,5,Premium,Neutral,9897
196793,44748,12398,West,Rural,Festival,Premium,Branding,0,12,Combo,Neutral,14259
214048,19664,14306,South,Semi-Urban,Festival,Premium,Discount,25,13,Discount,Happy,21732
81470,33721,62277,South,Rural,Normal,Premium,Branding,15,12,Luxury,Satisfied,13300
314628,34680,33016,East,Urban,Festival,Premium,Branding,25,15,Luxury,Neutral,18281
121537,47592,72060,East,Urban,Normal,Mass,Discount,15,15,Discount,Happy,14607
317820,29273,74532,West,Rural,Festival,Mass,Discount,0,9,Affordable,Positive,16488
308397,38532,65907,East,Urban,Normal,Premium,Discount,0,10,Launch,Expensive,12474
136230,14262,41835,East,Semi-Urban,Festival,Premium,Branding,15,13,Launch,Neutral,16997
259156,40983,23545,North,Rural,Festival,Premium,Discount,20,11,Combo,Expensive,17693
172175,51737,57350,South,Semi-Urban,Festival,Premium,Branding,0,4,Discount,Positive,12780
201780,49369,69476,North,Rural,Normal,Premium,Discount,5,13,Launch,Positive,12441
299765,42777,42115,East,Urban,Festival,Mass,Branding,30,15,Premium,Neutral,17049
319235,13993,36987,South,Rural,Normal,Mass,Branding,20,12,Launch,Negative,11859
105777,37284,69558,East,Rural,Festival,Premium,Discount,25,10,Savings,Happy,19116
147842,20518,23694,East,Semi-Urban,Festival,Mass,Branding,15,10,Affordable,Happy,15222
105928,46309,73206,East,Urban,Normal,Mass,Branding,15,4,Premium,Negative,13982
154085,31643,58467,South,Semi-Urban,Festival,Premium,Discount,15,4,Affordable,Negative,18739
227592,33745,71007,South,Rural,Festival,Premium,Discount,20,6,Affordable,Neutral,18618
265937,48440,16438,West,Urban,Festival,Mass,Discount,20,11,Combo,Positive,17063
255390,17232,45577,North,Urban,Festival,Premium,Discount,15,4,Affordable,Neutral,20374
261700,10579,62492,East,Rural,Festival,Mass,Discount,5,6,Discount,Satisfied,13414
150110,48369,50400,West,Semi-Urban,Festival,Mass,Branding,0,14,Affordable,Happy,10725
192149,33869,10893,North,Urban,Normal,Premium,Discount,10,14,Affordable,Happy,12906
174109,34252,41432,South,Urban,Festival,Mass,Discount,0,12,Launch,Positive,12825
161077,42951,20591,West,Semi-Urban,Normal,Mass,Discount,5,9,Premium,Satisfied,9461
143415,33423,39650,North,Semi-Urban,Normal,Premium,Branding,15,15,Discount,Satisfied,11112
198653,42970,39305,North,Rural,Festival,Mass,Discount,10,4,Launch,Neutral,14043
168819,15166,63520,East,Urban,Normal,Mass,Discount,5,7,Savings,Neutral,10282
265127,43655,64209,South,Rural,Festival,Premium,Discount,30,14,Combo,Expensive,19703
294628,50972,15652,East,Rural,Festival,Premium,Discount,0,11,Combo,Expensive,14588
213861,36504,30032,South,Rural,Festival,Premium,Branding,25,10,Discount,Satisfied,19343
80935,24596,60215,North,Urban,Normal,Mass,Branding,10,8,Premium,Neutral,11012
138350,12483,60527,West,Rural,Normal,Mass,Discount,0,4,Discount,Happy,10083
148979,51185,21091,West,Rural,Normal,Premium,Discount,0,13,Savings,Happy,13683
156530,14159,70064,South,Urban,Festival,Premium,Branding,5,13,Combo,Positive,13426
231556,12963,17817,North,Semi-Urban,Festival,Mass,Discount,20,14,Affordable,Neutral,16512
262314,34033,61300,East,Urban,Normal,Premium,Discount,0,5,Discount,Happy,13548
306681,25413,28365,East,Rural,Festival,Mass,Branding,0,13,Premium,Positive,10774
91093,33175,19037,East,Rural,Normal,Premium,Discount,10,11,Premium,Negative,14572
113127,34490,54495,South,Rural,Normal,Mass,Discount,15,9,Combo,Happy,12730
91431,44853,46424,East,Urban,Normal,Premium,Branding,5,14,Launch,Happy,13354
178349,45654,46062,East,Semi-Urban,Festival,Premium,Branding,10,14,Combo,Satisfied,16519
306005,33458,48159,West,Semi-Urban,Festival,Premium,Discount,30,6,Launch,Negative,20517
246523,34015,10196,East,Rural,Festival,Premium,Branding,15,3,Savings,Happy,18016
313300,30023,38055,East,Semi-Urban,Normal,Mass,Discount,15,4,Affordable,Satisfied,13432
314970,41929,13665,South,Semi-Urban,Normal,Premium,Branding,15,5,Affordable,Satisfied,12225
266853,20341,54166,East,Urban,Festival,Premium,Discount,30,5,Discount,Negative,21892
130410,19983,57105,North,Urban,Normal,Premium,Branding,20,7,Discount,Negative,14806
128719,34856,9452,East,Urban,Normal,Premium,Discount,25,3,Luxury,Expensive,16054
134225,11335,38373,East,Urban,Festival,Mass,Discount,15,12,Launch,Happy,16847
111793,12385,50642,North,Rural,Normal,Mass,Discount,5,10,Affordable,Negative,12384
84034,24958,23204,East,Semi-Urban,Festival,Premium,Discount,10,12,Premium,Negative,15117
216232,46053,47815,East,Semi-Urban,Normal,Premium,Discount,0,13,Savings,Negative,11884
237030,50955,30962,West,Rural,Normal,Mass,Discount,10,15,Launch,Expensive,13926
310155,15960,48719,West,Urban,Festival,Mass,Discount,0,5,Affordable,Positive,15064
187568,43278,67711,East,Rural,Normal,Premium,Discount,0,11,Luxury,Negative,10950
177468,29021,35461,South,Semi-Urban,Normal,Premium,Branding,10,15,Discount,Happy,12839
301081,17496,55977,East,Urban,Normal,Mass,Branding,5,9,Discount,Neutral,9241
185388,10240,29231,South,Rural,Normal,Premium,Branding,10,6,Premium,Expensive,13557
123147,34572,15634,North,Semi-Urban,Festival,Premium,Branding,25,3,Savings,Happy,19379
289939,22945,30674,North,Rural,Festival,Mass,Branding,30,13,Luxury,Satisfied,16326
252663,43392,49154,East,Rural,Festival,Premium,Discount,5,7,Affordable,Neutral,15567
223179,50416,37122,West,Rural,Normal,Mass,Branding,15,10,Luxury,Satisfied,9705
251133,16979,18589,North,Rural,Festival,Premium,Discount,5,11,Discount,Positive,15799
195350,15697,67496,South,Urban,Festival,Premium,Branding,20,3,Premium,Neutral,17668
97324,14728,10944,North,Urban,Festival,Premium,Branding,10,14,Discount,Satisfied,16413
238050,28411,8721,North,Rural,Normal,Mass,Branding,0,13,Luxury,Negative,11437
305962,19404,58050,West,Semi-Urban,Normal,Mass,Discount,10,7,Combo,Happy,12350
114918,30028,59916,North,Urban,Festival,Mass,Branding,30,8,Savings,Happy,17761
211405,41766,11482,East,Semi-Urban,Festival,Mass,Branding,15,14,Combo,Negative,13496
217533,20098,63714,South,Semi-Urban,Festival,Mass,Discount,10,12,Launch,Positive,15476
152342,32845,23884,West,Semi-Urban,Normal,Mass,Branding,15,15,Discount,Neutral,11292
287912,19033,24442,South,Semi-Urban,Festival,Premium,Branding,15,13,Combo,Negative,15268
302226,16600,28464,West,Urban,Festival,Premium,Discount,25,9,Savings,Neutral,18739
106151,21990,32897,South,Semi-Urban,Festival,Premium,Branding,30,4,Discount,Satisfied,20048
90042,47352,21358,West,Urban,Normal,Mass,Discount,25,8,Affordable,Positive,16941
291526,14275,28660,East,Urban,Normal,Mass,Discount,30,12,Launch,Positive,15536
145119,23489,19018,East,Semi-Urban,Festival,Premium,Branding,5,7,Discount,Neutral,15691
138504,34349,39804,West,Urban,Festival,Mass,Discount,10,14,Discount,Negative,17328
284559,11512,37553,South,Semi-Urban,Festival,Premium,Branding,15,13,Luxury,Negative,15552
161912,37388,17527,West,Rural,Normal,Premium,Branding,5,9,Launch,Negative,10642
253254,13218,36273,West,Rural,Festival,Mass,Discount,25,8,Savings,Positive,16125
147863,51093,71995,South,Urban,Normal,Mass,Branding,15,14,Combo,Expensive,10890
117412,35761,8336,East,Urban,Normal,Premium,Branding,20,12,Premium,Neutral,12166
113599,13180,18353,East,Urban,Normal,Premium,Discount,0,4,Combo,Expensive,10566
158382,11648,56326,South,Rural,Normal,Premium,Discount,0,11,Savings,Neutral,14002
196373,35106,21987,West,Urban,Normal,Mass,Branding,15,13,Combo,Negative,12435
216075,46449,44540,North,Rural,Festival,Premium,Branding,30,6,Premium,Negative,19610
279969,49947,44198,East,Urban,Festival,Premium,Discount,10,6,Discount,Happy,14958
189112,15356,12437,West,Rural,Normal,Premium,Discount,0,15,Discount,Negative,12483
212677,11267,57212,East,Urban,Normal,Mass,Discount,0,5,Luxury,Satisfied,9182
293675,15933,33490,North,Urban,Normal,Premium,Branding,10,12,Premium,Neutral,10204
227661,16395,61506,East,Rural,Festival,Mass,Discount,15,4,Luxury,Expensive,15976
234037,28206,73128,East,Urban,Normal,Mass,Branding,15,12,Affordable,Neutral,13727
152041,51841,74734,North,Urban,Normal,Premium,Discount,10,4,Affordable,Happy,15943
156353,30189,57003,South,Semi-Urban,Normal,Mass,Branding,15,7,Launch,Happy,10884
115366,45889,24776,North,Urban,Normal,Mass,Branding,10,14,Luxury,Satisfied,11581
201255,21403,20580,East,Rural,Festival,Mass,Branding,25,13,Luxury,Expensive,17451
91305,22524,59389,West,Rural,Normal,Mass,Branding,25,14,Luxury,Expensive,13350
185473,47325,60405,West,Urban,Normal,Mass,Branding,20,10,Discount,Positive,12088
259049,14987,30604,East,Semi-Urban,Normal,Premium,Branding,10,12,Affordable,Satisfied,14288
255496,21585,30321,North,Urban,Festival,Premium,Branding,30,4,Luxury,Satisfied,17593
267968,46103,37313,East,Semi-Urban,Normal,Mass,Branding,5,9,Discount,Negative,9222
179589,40562,9656,West,Rural,Normal,Mass,Discount,5,9,Affordable,Satisfied,9612
235595,16523,68556,West,Rural,Festival,Mass,Branding,10,6,Discount,Neutral,16018
88350,18166,10756,West,Rural,Festival,Premium,Discount,20,10,Affordable,Neutral,19876
122137,22536,19794,East,Rural,Normal,Mass,Branding,20,13,Affordable,Positive,14212
177282,43216,21384,North,Semi-Urban,Normal,Premium,Branding,15,15,Luxury,Negative,14397
201055,40611,49642,North,Rural,Festival,Mass,Discount,25,13,Combo,Expensive,17062
134922,18895,35405,West,Rural,Normal,Mass,Branding,25,10,Savings,Positive,12430
293275,13792,30870,West,Urban,Festival,Premium,Discount,0,10,Combo,Negative,17149
102589,37108,38406,South,Urban,Normal,Mass,Branding,10,13,Savings,Negative,11546
95012,43119,9223,East,Urban,Normal,Mass,Discount,10,3,Discount,Positive,10763
303669,37713,72209,West,Semi-Urban,Festival,Premium,Branding,0,9,Combo,Neutral,14376
242714,14291,73495,West,Urban,Normal,Mass,Branding,25,4,Savings,Expensive,14558
289808,43071,11261,North,Rural,Normal,Premium,Discount,20,9,Combo,Happy,15886
255211,10183,70200,South,Semi-Urban,Normal,Premium,Discount,10,13,Launch,Happy,12248
166983,30114,38782,West,Rural,Festival,Premium,Branding,20,13,Combo,Happy,15811
243393,41326,47839,North,Rural,Normal,Mass,Discount,10,14,Combo,Positive,12320
88097,20795,42409,South,Rural,Normal,Mass,Branding,20,12,Premium,Positive,12133
195171,43818,58553,East,Urban,Normal,Mass,Branding,10,3,Luxury,Neutral,12356
93740,18007,29387,North,Semi-Urban,Festival,Premium,Branding,0,5,Savings,Satisfied,13495
